Tiempo,x_ee,y_ee
0,0.248795275394725,0.122034411488245
0.01,0.24914817601951,0.122443175763317
0.02,0.249445482034681,0.122775099825046
0.03,0.249678633033444,0.123024935063845
0.04,0.249839068609006,0.12318743287013
0.05,0.249918228354574,0.123257344634315
0.06,0.249907551863353,0.123229421746814
0.07,0.249798478728552,0.123098415598042
0.08,0.249582448543375,0.122859077578414
0.09,0.249250900901031,0.122506159078343
0.1,0.248795275394725,0.122034411488245
0.11,0.248207011617664,0.121438586198533
0.12,0.247477549163054,0.120713434599624
0.13,0.246598327624104,0.119853708081929
0.14,0.245560786594017,0.118854158035866
0.15,0.244356365666003,0.117709535851847
0.16,0.242976504433266,0.116414592920288
0.17,0.241412642489015,0.114964080631602
0.18,0.239656219426454,0.113352750376205
0.19,0.237698674838792,0.11157535354451
0.2,0.235531448319234,0.109626641526933
0.21,0.233151618554472,0.107506654082165
0.22,0.230578820605136,0.105236584442005
0.23,0.227838328625342,0.102842914206528
0.24,0.224955416769205,0.100352124975812
0.25,0.221955359190841,0.0977906983499314
0.26,0.218863430044364,0.0951851159289629
0.27,0.21570490348389,0.0925618593129825
0.28,0.212505053663535,0.0899474101020662
0.29,0.209289154737414,0.08736824989629
0.3,0.206082480859641,0.08485086029573
0.31,0.202906791809125,0.0824171228208098
0.32,0.199769789863937,0.0800705186733436
0.33,0.196675662926942,0.0778099289754933
0.34,0.193628598901005,0.0756342348494205
0.35,0.190632785688989,0.0735423174172872
0.36,0.187692411193759,0.0715330578012551
0.37,0.18481166331818,0.0696053371234861
0.38,0.181994729965115,0.0677580365061419
0.39,0.179245799037429,0.0659900370713844
0.4,0.176569058437986,0.0643002199413753
0.41,0.173968044311285,0.0626872097291091
0.42,0.171443685768356,0.0611486050109105
0.43,0.168996260161865,0.0596817478539366
0.44,0.166626044844477,0.0582839803253447
0.45,0.164333317168858,0.0569526444922921
0.46,0.162118354487673,0.0556850824219361
0.47,0.159981434153586,0.0544786361814339
0.48,0.157922833519263,0.0533306478379427
0.49,0.15594282993737,0.0522384594586198
0.5,0.154041700760571,0.0511994131106225
0.51,0.152219312923188,0.0502108865903737
0.52,0.150473891686171,0.0492704006113594
0.53,0.148803251892124,0.0483755116163311
0.54,0.147205208383653,0.0475237760480405
0.55,0.145677576003364,0.0467127503492393
0.56,0.144218169593861,0.0459399909626789
0.57,0.142824803997751,0.0452030543311112
0.58,0.141495294057639,0.0444994968972876
0.59,0.14022745461613,0.0438268751039599
0.6,0.13901910051583,0.0431827453938795
0.61,0.137868183440255,0.0425649711995813
0.62,0.136773202436566,0.0419726439127316
0.63,0.135732793392836,0.0414051619147802
0.64,0.134745592197135,0.0408619235871765
0.65,0.133810234737538,0.0403423273113701
0.66,0.132925356902115,0.0398457714688105
0.67,0.132089594578939,0.0393716544409474
0.68,0.131301583656081,0.0389193746092302
0.69,0.130559960021614,0.0384883303551086
0.7,0.12986335956361,0.0380779200600321
0.71,0.12921050986382,0.0376876634272791
0.72,0.128600505278703,0.037317565447443
0.73,0.128032531858402,0.0369677524329462
0.74,0.127505775653054,0.036638350696211
0.75,0.127019422712801,0.0363294865496597
0.76,0.126572659087781,0.0360412863057147
0.77,0.126164670828135,0.0357738762767982
0.78,0.125794643984001,0.0355273827753326
0.79,0.125461764605521,0.0353019321137401
0.8,0.125165218742834,0.0350976506044432
0.81,0.124904211602866,0.0349146315759639
0.82,0.124678025019695,0.0347528364212238
0.83,0.124485959984183,0.0346121935492442
0.84,0.124327317487195,0.0344926313690464
0.85,0.124201398519593,0.0343940782896518
0.86,0.124107504072243,0.0343164627200818
0.87,0.124044935136008,0.0342597130693575
0.88,0.12401299270175,0.0342237577465005
0.89,0.124010977760335,0.0342085251605321
0.9,0.124038191302625,0.0342139437204735
0.91,0.124093904990257,0.0342398682859954
0.92,0.124177273167957,0.0342858595193653
0.93,0.124287420851225,0.0343514045334998
0.94,0.12442347305556,0.0344359904413156
0.95,0.12458455479646,0.0345391043557296
0.96,0.124769791089426,0.0346602333896582
0.97,0.124978306949956,0.0347988646560184
0.98,0.125209227393549,0.0349544852677268
0.99,0.125461677435704,0.0351265823377
1,0.125734782091921,0.0353146429788549
1.01,0.126027628066984,0.0355180879594248
1.02,0.126339148822818,0.0357360726689103
1.03,0.126668239510631,0.0359676861521287
1.04,0.127013795281633,0.0362120174538972
1.05,0.127374711287035,0.036468155619033
1.06,0.127749882678045,0.0367351896923536
1.07,0.128138204605873,0.037012208718676
1.08,0.128538572221728,0.0372983017428177
1.09,0.128949880676821,0.0375925578095958
1.1,0.129371025122361,0.0378940659638276
1.11,0.129800902902648,0.0382019062000672
1.12,0.130238420134354,0.0385151223118159
1.13,0.130682485127238,0.0388327490423117
1.14,0.131132006191062,0.0391538211347927
1.15,0.131585891635587,0.0394773733324969
1.16,0.132043049770574,0.0398024403786624
1.17,0.132502388905786,0.0401280570165272
1.18,0.132962817350982,0.0404532579893295
1.19,0.133423243415925,0.0407770780403072
1.2,0.133882575410375,0.0410985519126984
1.21,0.134339785369457,0.0414167810523168
1.22,0.134794100229755,0.0417311337152791
1.23,0.135244810653214,0.0420410448602774
1.24,0.13569120730178,0.0423459494460039
1.25,0.1361325808374,0.0426452824311508
1.26,0.13656822192202,0.0429384787744104
1.27,0.136997421217586,0.0432249734344748
1.28,0.137419469386044,0.0435042013700363
1.29,0.137833657089341,0.0437755975397872
1.3,0.138239274989423,0.0440385969024195
1.31,0.138635702993557,0.0442927191992219
1.32,0.139022677990291,0.044537823301868
1.33,0.139400026113494,0.0447738528646279
1.34,0.139767573497037,0.0450007515417716
1.35,0.140125146274787,0.0452184629875692
1.36,0.140472570580616,0.0454269308562907
1.37,0.140809672548391,0.045626098802206
1.38,0.141136278311982,0.0458159104795853
1.39,0.141452214005259,0.0459963095426986
1.4,0.14175730576209,0.0461672396458158
1.41,0.142051452352389,0.0463286966884953
1.42,0.142334843090238,0.0464808855514485
1.43,0.142607739925767,0.046624063360675
1.44,0.142870404809102,0.0467584872421745
1.45,0.14312309969037,0.0468844143219465
1.46,0.143366086519699,0.0470021017259907
1.47,0.143599627247216,0.0471118065803069
1.48,0.14382398382305,0.0472137860108945
1.49,0.144039418197326,0.0473082971437533
1.5,0.144246192320173,0.0473955971048828
1.51,0.144444608921783,0.0474759644179838
1.52,0.144635133852614,0.0475497631975607
1.53,0.144818273743188,0.0476173789558191
1.54,0.144994535224027,0.0476791972049645
1.55,0.145164424925655,0.0477356034572024
1.56,0.145328449478593,0.0477869832247383
1.57,0.145487115513364,0.0478337220197778
1.58,0.14564092966049,0.0478762053545263
1.59,0.145790398550495,0.0479148187411894
1.6,0.1459360288139,0.0479499476919727
1.61,0.146078335762387,0.0479819843527465
1.62,0.146217869432271,0.0480113474040406
1.63,0.146355188541024,0.0480384621600497
1.64,0.146490851806121,0.0480637539349687
1.65,0.146625417945035,0.0480876480429921
1.66,0.146759445675239,0.0481105697983147
1.67,0.146893493714207,0.0481329445151313
1.68,0.147028120779412,0.0481551975076364
1.69,0.147163885588327,0.0481777540900249
1.7,0.147301346858426,0.0482010395764914
1.71,0.147441044160898,0.0482254759476803
1.72,0.147583440481791,0.0482514718500339
1.73,0.147728979660869,0.0482794325964443
1.74,0.147878105537897,0.0483097634998035
1.75,0.148031261952639,0.0483428698730035
1.76,0.148188892744858,0.0483791570289363
1.77,0.148351441754319,0.0484190302804939
1.78,0.148519352820785,0.0484628949405683
1.79,0.148693069784021,0.0485111563220516
1.8,0.148873036483791,0.0485642197378357
1.81,0.149059657274816,0.0486224715186266
1.82,0.149253178571642,0.0486862220663859
1.83,0.149453807303772,0.048755762800889
1.84,0.149661750400711,0.0488313851419115
1.85,0.14987721479196,0.0489133805092288
1.86,0.150100407407025,0.0490020403226165
1.87,0.150331535175407,0.0490976560018501
1.88,0.150570805026611,0.0492005189667051
1.89,0.15081842389014,0.049310920636957
1.9,0.151074598695496,0.0494291524323812
1.91,0.151339487061153,0.049555464200368
1.92,0.151613049361455,0.0496899394987663
1.93,0.151895196659718,0.04983262031304
1.94,0.152185840019255,0.0499835486286525
1.95,0.15248489050338,0.0501427664310677
1.96,0.152792259175409,0.0503103157057492
1.97,0.153107857098655,0.0504862384381606
1.98,0.153431595336432,0.0506705766137658
1.99,0.153763384952055,0.0508633722180282
2,0.154103137008839,0.0510646672364118
2.01,0.15445071629693,0.0512744465011574
2.02,0.154805802513813,0.0514924662316153
2.03,0.155168029083804,0.0517184254939132
2.04,0.15553702943122,0.0519520233541787
2.05,0.155912436980377,0.0521929588785393
2.06,0.156293885155592,0.0524409311331228
2.07,0.156681007381182,0.0526956391840568
2.08,0.157073437081465,0.0529567820974688
2.09,0.157470807680755,0.0532240589394865
2.1,0.157872752603371,0.0534971687762375
2.11,0.158278873758887,0.0537757669413727
2.12,0.158688646997911,0.0540593338386364
2.13,0.159101516656308,0.0543473061392962
2.14,0.159516927069943,0.0546391205146195
2.15,0.159934322574683,0.0549342136358741
2.16,0.160353147506392,0.0552320221743273
2.17,0.160772846200937,0.0555319828012469
2.18,0.161192862994182,0.0558335321879003
2.19,0.161612642221993,0.0561361070055551
2.2,0.162031628220237,0.0564391439254789
2.21,0.162449252635112,0.0567420765224192
2.22,0.162864896354159,0.0570443259850431
2.23,0.16327792757525,0.0573453104054979
2.24,0.16368771449626,0.0576444478759307
2.25,0.164093625315063,0.0579411564884886
2.26,0.164495028229533,0.0582348543353187
2.27,0.164891291437543,0.0585249595085683
2.28,0.165281783136967,0.0588108901003845
2.29,0.16566587152568,0.0590920642029143
2.3,0.166042924801554,0.0593678999083051
2.31,0.166412313690239,0.0596378463480188
2.32,0.166773419028486,0.0599014768107775
2.33,0.16712562418082,0.0601583956246184
2.34,0.167468312511767,0.0604082071175784
2.35,0.167800867385853,0.0606505156176946
2.36,0.168122672167603,0.0608849254530041
2.37,0.168433110221543,0.0611110409515438
2.38,0.168731564912199,0.0613284664413509
2.39,0.169017419604097,0.0615368062504624
2.4,0.169290057661762,0.0617356647069153
2.41,0.169548876790614,0.0619246829673261
2.42,0.169793332059641,0.062103649502629
2.43,0.170022892878728,0.0622723896123377
2.44,0.170237028657758,0.0624307285959656
2.45,0.170435208806613,0.0625784917530265
2.46,0.170616902735178,0.062715504383034
2.47,0.170781579853335,0.0628415917855017
2.48,0.170928709570967,0.0629565792599432
2.49,0.171057761297958,0.0630602921058721
2.5,0.17116820444419,0.0631525556228021
2.51,0.17125953676758,0.0632332234668334
2.52,0.171331369418172,0.0633022627204129
2.53,0.171383341894043,0.0633596688225741
2.54,0.17141509369327,0.0634054372123506
2.55,0.171426264313931,0.0634395633287759
2.56,0.171416493254102,0.0634620426108835
2.57,0.171385420011861,0.063472870497707
2.58,0.171332684085284,0.0634720424282798
2.59,0.171257924972449,0.0634595538416357
2.6,0.171160782171433,0.063435400176808
2.61,0.171040944649918,0.0633996030332873
2.62,0.170898299254011,0.0633522886523925
2.63,0.170732782299421,0.0632936094358994
2.64,0.170544330101861,0.0632237177855837
2.65,0.170332878977041,0.0631427661032214
2.66,0.170098365240672,0.0630509067905882
2.67,0.169840725208466,0.06294829224946
2.68,0.169559895196133,0.0628350748816126
2.69,0.169255811519385,0.0627114070888218
2.7,0.168928410493932,0.0625774412728635
2.71,0.168577701454042,0.0624333585015846
2.72,0.168203985808207,0.0622794545071165
2.73,0.167807637983473,0.062116053687662
2.74,0.16738903240689,0.0619434804414234
2.75,0.166948543505504,0.0617620591666034
2.76,0.166486545706363,0.0615721142614046
2.77,0.166003413436515,0.0613739701240295
2.78,0.165499521123008,0.0611679511526807
2.79,0.164975243192889,0.0609543817455608
2.8,0.164430954073206,0.0607335863008724
2.81,0.163867105257053,0.0605059063747605
2.82,0.163284456501704,0.0602717521551395
2.83,0.16268384463048,0.0600315509878663
2.84,0.162066106466703,0.059785730218798
2.85,0.161432078833693,0.0595347171937914
2.86,0.160782598554771,0.0592789392587034
2.87,0.160118502453258,0.0590188237593909
2.88,0.159440627352475,0.0587547980417109
2.89,0.158749810075742,0.0584872894515203
2.9,0.15804688744638,0.058216725334676
2.91,0.15733273003881,0.0579435137219206
2.92,0.156608343431846,0.0576679853835397
2.93,0.155874766955403,0.0573904517747046
2.94,0.155133039939396,0.0571112243505865
2.95,0.154384201713738,0.0568306145663567
2.96,0.153629291608344,0.0565489338771864
2.97,0.152869348953129,0.056266493738247
2.98,0.152105413078006,0.0559836056047097
2.99,0.151338523312891,0.0557005809317457
3,0.150569718987697,0.0554177311745264
3.01,0.149799993961341,0.0551353110577391
3.02,0.149030160208743,0.0548533483841359
3.03,0.148260984233829,0.0545718142259849
3.04,0.14749323254052,0.0542906796555541
3.05,0.146727671632741,0.0540099157451118
3.06,0.145965068014414,0.053729493566926
3.07,0.145206188189463,0.0534493841932649
3.08,0.144451798661812,0.0531695586963966
3.09,0.143702665935383,0.0528899881485893
3.1,0.1429595565141,0.052610643622111
3.11,0.142223143579775,0.0523314458639074
3.12,0.14149372702577,0.052052114319634
3.13,0.140771513423338,0.051772318109624
3.14,0.140056709343729,0.0514917263542102
3.15,0.139349521358196,0.0512100081737258
3.16,0.13865015603799,0.0509268326885039
3.17,0.137958819954361,0.0506418690188774
3.18,0.137275719678563,0.0503547862851794
3.19,0.136601061781846,0.050065253607743
3.2,0.135935052835461,0.0497729401069011
3.21,0.135277831256216,0.0494775196301265
3.22,0.134629262843135,0.04917868493345
3.23,0.133989145240799,0.0488761335000419
3.24,0.133357276093788,0.0485695628130728
3.25,0.132733453046683,0.048258670355713
3.26,0.132117473744064,0.0479431536111329
3.27,0.131509135830512,0.047622710062503
3.28,0.130908236950607,0.0472970371929937
3.29,0.130314574748929,0.0469658324857753
3.3,0.129727946870058,0.0466287934240184
3.31,0.129148140569071,0.0462856763602124
3.32,0.128574901543023,0.0459364731241224
3.33,0.128007965099464,0.0455812344148327
3.34,0.127447066545947,0.0452200109314276
3.35,0.126891941190022,0.0448528533729914
3.36,0.12634232433924,0.0444798124386082
3.37,0.125797951301153,0.0441009388273622
3.38,0.12525855738331,0.0437162832383379
3.39,0.124723877893264,0.0433258963706193
3.4,0.124193648138565,0.0429298289232908
3.41,0.123667627699283,0.0425281918786487
3.42,0.123145673245567,0.0421213373518386
3.43,0.122627665720083,0.0417096777412181
3.44,0.1221134860655,0.0412936254451448
3.45,0.121603015224483,0.0408735928619764
3.46,0.121096134139701,0.0404499923900706
3.47,0.120592723753821,0.040023236427785
3.48,0.120092665009509,0.0395937373734773
3.49,0.119595838849434,0.0391619076255051
3.5,0.119102126216262,0.038728159582226
3.51,0.118611442979068,0.0382929228331002
3.52,0.11812384471256,0.0378566957319974
3.53,0.117639421917851,0.0374199938238897
3.54,0.117158265096056,0.0369833326537492
3.55,0.11668046474829,0.0365472277665482
3.56,0.116206111375666,0.0361121947072586
3.57,0.1157352954793,0.0356787490208527
3.58,0.115268107560307,0.0352474062523026
3.59,0.114804638119799,0.0348186819465805
3.6,0.114344977658893,0.0343930916486584
3.61,0.113889261527609,0.0339711385427852
3.62,0.113437804471598,0.0335532763703161
3.63,0.112990966085415,0.0331399465118833
3.64,0.112549105963617,0.0327315903481187
3.65,0.112112583700762,0.0323286492596543
3.66,0.111681758891406,0.0319315646271221
3.67,0.111256991130105,0.0315407778311541
3.68,0.110838640011416,0.0311567302523824
3.69,0.110427065129897,0.0307798632714388
3.7,0.110022626080103,0.0304106182689555
3.71,0.109625726147108,0.0300494203367864
3.72,0.109236943378055,0.029696629411674
3.73,0.108856899510605,0.0293525891415827
3.74,0.108486216282417,0.0290176431744769
3.75,0.10812551543115,0.028692135158321
3.76,0.107775418694465,0.0283764087410795
3.77,0.107436547810022,0.0280708075707168
3.78,0.10710952451548,0.0277756752951974
3.79,0.106794970548499,0.0274913555624856
3.8,0.10649350764674,0.0272181920205459
3.81,0.106205770323791,0.0269564962489367
3.82,0.105932444196962,0.026706451553592
3.83,0.10567422765949,0.0264682091720396
3.84,0.105431819104614,0.0262419203418076
3.85,0.105205916925571,0.0260277363004238
3.86,0.104997219515601,0.0258258082854162
3.87,0.10480642526794,0.0256362875343127
3.88,0.104634232575829,0.0254593252846413
3.89,0.104481339832503,0.0252950727739297
3.9,0.104348445431202,0.0251436812397061
3.91,0.104236213677466,0.0250052449841482
3.92,0.104145172526042,0.0248796305680335
3.93,0.10407581584398,0.0247666476167893
3.94,0.10402863749833,0.0246661057558432
3.95,0.104004131356139,0.0245778146106223
3.96,0.104002791284459,0.0245015838065543
3.97,0.104025111150339,0.0244372229690663
3.98,0.104071584820827,0.0243845417235858
3.99,0.104142706162974,0.0243433496955402
4,0.104238969043828,0.0243134565103569
4.01,0.104360792054709,0.024294622391165
4.02,0.104508292684011,0.0242864099519005
4.03,0.104681513144398,0.024288332404201
4.04,0.104880495648533,0.0242999029597043
4.05,0.10510528240908,0.0243206348300481
4.06,0.105355915638703,0.0243500412268701
4.07,0.105632437550066,0.0243876353618079
4.08,0.105934890355832,0.0244329304464994
4.09,0.106263316268664,0.0244854396925822
4.1,0.106617757501227,0.0245446763116939
4.11,0.106998159596685,0.0246101601032986
4.12,0.107404081420203,0.0246814372181643
4.13,0.107834985167447,0.0247580603948857
4.14,0.108290333034081,0.024839582372057
4.15,0.108769587215773,0.0249255558882728
4.16,0.109272209908187,0.0250155336821274
4.17,0.109797663306989,0.0251090684922153
4.18,0.110345409607845,0.0252057130571309
4.19,0.11091491100642,0.0253050201154687
4.2,0.11150562969838,0.025406542405823
4.21,0.112116951729693,0.0255099004708508
4.22,0.112747958547539,0.0256149860694594
4.23,0.113397655449401,0.0257217587646184
4.24,0.114065047732759,0.0258301781192976
4.25,0.114749140695097,0.0259402036964667
4.26,0.115448939633897,0.0260517950590955
4.27,0.11616344984664,0.0261649117701536
4.28,0.11689167663081,0.0262795133926107
4.29,0.117632625283888,0.0263955594894367
4.3,0.118385301103356,0.0265130096236013
4.31,0.119148702574759,0.0266318861908736
4.32,0.119921800935888,0.0267524629182212
4.33,0.120703560612595,0.026875076365411
4.34,0.121492946030733,0.02700006309221
4.35,0.122288921616155,0.0271277596583851
4.36,0.123090451794713,0.0272585026237034
4.37,0.123896500992261,0.0273926285479317
4.38,0.124706033634652,0.0275304739908371
4.39,0.125518014147737,0.0276723755121865
4.4,0.12633140695737,0.027818669671747
4.41,0.127145239513699,0.0279696845331178
4.42,0.127958791364054,0.0281257141752284
4.43,0.12877140508006,0.0282870441808406
4.44,0.129582423233343,0.0284539601327161
4.45,0.130391188395528,0.0286267476136167
4.46,0.13119704313824,0.0288056922063043
4.47,0.131999330033104,0.0289910794935405
4.48,0.132797391651747,0.0291831950580873
4.49,0.133590570565793,0.0293823244827064
4.5,0.134378209346867,0.0295887533501596
4.51,0.135159725889967,0.0298027060826395
4.52,0.13593483938357,0.0300241624600625
4.53,0.136703344339528,0.0302530411017756
4.54,0.13746503526969,0.030489260627126
4.55,0.138219706685906,0.0307327396554609
4.56,0.138967153100027,0.0309833968061275
4.57,0.139707169023902,0.0312411506984727
4.58,0.140439548969382,0.0315059199518439
4.59,0.141164087448317,0.031777623185588
4.6,0.141880578972557,0.0320561790190524
4.61,0.142588860700243,0.0323414619990237
4.62,0.14328894037468,0.0326331703820469
4.63,0.143980868385463,0.0329309583521067
4.64,0.14466469512219,0.0332344800931878
4.65,0.145340470974455,0.0335433897892748
4.66,0.146008246331855,0.0338573416243522
4.67,0.146668071583986,0.0341759897824048
4.68,0.147319997120443,0.0344989884474172
4.69,0.147964073330823,0.0348259918033741
4.7,0.148600350604721,0.03515665403426
4.71,0.149228896154694,0.0354906366108743
4.72,0.149849844485145,0.0358276301512752
4.73,0.150463346923434,0.0361673325603355
4.74,0.151069554796926,0.0365094417429281
4.75,0.151668619432982,0.0368536556039258
4.76,0.152260692158965,0.0371996720482014
4.77,0.152845924302238,0.037547188980628
4.78,0.153424467190163,0.0378959043060782
4.79,0.153996472150102,0.0382455159294249
4.8,0.154562090509418,0.038595721755541
4.81,0.155121486382864,0.038946259142425
4.82,0.155674875034745,0.0392970232605775
4.83,0.156222484516758,0.0396479487336247
4.84,0.1567645428806,0.0399989701851929
4.85,0.157301278177967,0.0403500222389084
4.86,0.157832918460556,0.0407010395183975
4.87,0.158359691780062,0.0410519566472862
4.88,0.158881826188183,0.041402708249201
4.89,0.159399549736614,0.0417532289477681
4.9,0.159913090477051,0.0421034533666138
4.91,0.160422687893574,0.0424533530506612
4.92,0.160928627199786,0.0428030472300217
4.93,0.161431205041672,0.0431526920561037
4.94,0.161930718065219,0.0435024436803156
4.95,0.162427462916411,0.0438524582540657
4.96,0.162921736241236,0.0442028919287623
4.97,0.163413834685678,0.0445539008558139
4.98,0.163904054895724,0.0449056411866287
4.99,0.164392693517359,0.0452582690726151
5,0.164880047196568,0.0456119406651815
5.01,0.165366408709384,0.0459668238704412
5.02,0.165852055352016,0.0463231336133271
5.03,0.166337260550723,0.0466810965734773
5.04,0.166822297731762,0.0470409394305296
5.05,0.167307440321388,0.0474028888641221
5.06,0.16779296174586,0.0477671715538925
5.07,0.168279135431433,0.0481340141794791
5.08,0.168766234804365,0.0485036434205195
5.09,0.169254533290913,0.0488762859566518
5.1,0.169744304317334,0.049252168467514
5.11,0.170235787014593,0.0496314961892741
5.12,0.170729083332494,0.0500143885842207
5.13,0.171224260925549,0.0504009436711727
5.14,0.171721387448268,0.0507912594689488
5.15,0.172220530555165,0.0511854339963678
5.16,0.172721757900752,0.0515835652722486
5.17,0.173225137139539,0.0519857513154098
5.18,0.17373073592604,0.0523920901446702
5.19,0.174238621914766,0.0528026797788487
5.2,0.174748862760229,0.053217618236764
5.21,0.175261462777325,0.0536369569814597
5.22,0.175776172922482,0.0540605612528784
5.23,0.176292680812513,0.0544882497351876
5.24,0.176810674064231,0.0549198411125546
5.25,0.177329840294447,0.0553551540691469
5.26,0.177849867119975,0.0557940072891318
5.27,0.178370442157626,0.0562362194566769
5.28,0.178891253024213,0.0566816092559496
5.29,0.179411987336549,0.0571299953711171
5.3,0.179932332711446,0.0575811964863471
5.31,0.180451914199072,0.0580349886215482
5.32,0.180970106583013,0.0584909771395947
5.33,0.18148622208021,0.0589487247391023
5.34,0.181999572907606,0.0594077941186866
5.35,0.182509471282143,0.0598677479769632
5.36,0.183015229420762,0.0603281490125478
5.37,0.183516159540405,0.060788559924056
5.38,0.184011573858014,0.0612485434101035
5.39,0.18450078459053,0.0617076621693059
5.4,0.184983103954896,0.0621654789002788
5.41,0.185457819171329,0.0626215485730481
5.42,0.185924117473154,0.0630753952432802
5.43,0.186381161096972,0.0635265352380519
5.44,0.186828112279384,0.0639744848844398
5.45,0.187264133256992,0.0644187605095207
5.46,0.187688386266397,0.0648588784403712
5.47,0.188100033544199,0.0652943550040679
5.48,0.188498237327,0.0657247065276877
5.49,0.188882159851401,0.0661494493383072
5.5,0.189250963354003,0.066568099763003
5.51,0.189603827740845,0.066980198618554
5.52,0.18994000359572,0.0673853846805472
5.53,0.190258759171857,0.0677833212142717
5.54,0.190559362722488,0.0681736714850165
5.55,0.190841082500841,0.0685560987580708
5.56,0.191103186760148,0.0689302662987238
5.57,0.191344943753639,0.0692958373722645
5.58,0.191565621734543,0.069652475243982
5.59,0.191764488956092,0.0699998431791655
5.6,0.191940813671515,0.070337604443104
5.61,0.192093906683565,0.0706654481018471
5.62,0.192223248993082,0.0709831664244859
5.63,0.192328364150427,0.0712905774808722
5.64,0.192408775705963,0.0715874993408574
5.65,0.192464007210052,0.0718737500742933
5.66,0.192493582213055,0.0721491477510316
5.67,0.192497024265336,0.0724135104409237
5.68,0.192473856917254,0.0726666562138213
5.69,0.192423603719174,0.072908403139576
5.7,0.192345788221456,0.0731385692880396
5.71,0.192239998847064,0.0733569849837697
5.72,0.192106083509367,0.0735635295701488
5.73,0.191943954994336,0.0737580946452657
5.74,0.191753526087939,0.073940571807209
5.75,0.191534709576149,0.0741108526540675
5.76,0.191287418244934,0.0742688287839297
5.77,0.191011564880266,0.0744143917948843
5.78,0.190707062268114,0.0745474332850201
5.79,0.190373823194449,0.0746678448524257
5.8,0.190011760445241,0.0747755180951898
5.81,0.189620882561645,0.0748703614239952
5.82,0.189201581105554,0.0749523504999019
5.83,0.188754343394046,0.0750214777965638
5.84,0.188279656744197,0.0750777357876349
5.85,0.187778008473085,0.0751211169467694
5.86,0.187249885897788,0.0751516137476211
5.87,0.186695776335384,0.0751692186638442
5.88,0.18611616710295,0.0751739241690926
5.89,0.185511545517563,0.0751657227370205
5.9,0.1848823988963,0.0751446068412818
5.91,0.184229317030242,0.0751106045783175
5.92,0.183553299606475,0.0750638865357167
5.93,0.182855448786085,0.0750046589238554
5.94,0.182136866730162,0.0749331279531097
5.95,0.181398655599794,0.0748494998338555
5.96,0.180641917556067,0.0747539807764689
5.97,0.179867754760072,0.0746467769913259
5.98,0.179077269372894,0.0745280946888026
5.99,0.178271563555623,0.074398140079275
6,0.177451739469346,0.0742571193731191
6.01,0.176618939688757,0.0741052574345676
6.02,0.175774468442979,0.0739428537432807
6.03,0.174919670374736,0.0737702264327749
6.04,0.174055890126757,0.073587693636567
6.05,0.173184472341768,0.0733955734881737
6.06,0.172306761662497,0.0731941841211118
6.07,0.17142410273167,0.072983843668898
6.08,0.170537840192014,0.072764870265049
6.09,0.169649318686258,0.0725375820430815
6.1,0.168759882857126,0.0723022971365123
6.11,0.167870823631964,0.0720592932691012
6.12,0.166983217076576,0.0718086865255813
6.13,0.166098085541387,0.0715505525809286
6.14,0.165216451376819,0.0712849671101192
6.15,0.164339336933294,0.0710120057881294
6.16,0.163467764561236,0.0707317442899352
6.17,0.162602756611068,0.0704442582905127
6.18,0.161745335433211,0.0701496234648381
6.19,0.160896523378089,0.0698479154878874
6.2,0.160057342796125,0.069539210034637
6.21,0.159228731651442,0.0692235192180156
6.22,0.158411290362959,0.068900600902764
6.23,0.157605534963298,0.0685701493915755
6.24,0.156811981485079,0.0682318589871437
6.25,0.156031145960922,0.0678854239921619
6.26,0.155263544423449,0.0675305387093238
6.27,0.15450969290528,0.0671668974413226
6.28,0.153770107439035,0.0667941944908519
6.29,0.153045304057334,0.0664121241606051
6.3,0.1523357987928,0.0660203807532758
6.31,0.151642052840729,0.0656186436480667
6.32,0.150964308047133,0.0652065325302188
6.33,0.1503027514207,0.0647836521614823
6.34,0.14965756997012,0.0643496073036074
6.35,0.149028950704081,0.0639040027183445
6.36,0.148417080631272,0.0634464431674437
6.37,0.147822146760381,0.0629765334126553
6.38,0.147244336100097,0.0624938782157297
6.39,0.14668383565911,0.061998082338417
6.4,0.146140832446108,0.0614887505424675
6.41,0.145615453576869,0.060965541608039
6.42,0.145107586595536,0.0604283303889185
6.43,0.144617059153337,0.0598770457573005
6.44,0.144143698901505,0.0593116165853796
6.45,0.143687333491269,0.0587319717453502
6.46,0.143247790573861,0.0581380401094069
6.47,0.142824897800512,0.0575297505497441
6.48,0.142418482822453,0.0569070319385565
6.49,0.142028373290913,0.0562698131480385
6.5,0.141654396857125,0.0556180230503846
6.51,0.141296270844407,0.0549516836159782
6.52,0.140953271264439,0.0542711892079574
6.53,0.140624563800987,0.0535770272876493
6.54,0.140309314137818,0.0528696853163808
6.55,0.140006687958699,0.052149650755479
6.56,0.139715850947397,0.051417411066271
6.57,0.13943596878768,0.0506734537100837
6.58,0.139166207163315,0.0499182661482441
6.59,0.138905731758068,0.0491523358420793
6.6,0.138653708255706,0.0483761502529163
6.61,0.138409205021753,0.0475902631851028
6.62,0.138170901148749,0.0467954938150689
6.63,0.137937378410992,0.0459927276622658
6.64,0.137707218582778,0.0451828502461444
6.65,0.137479003438405,0.0443667470861557
6.66,0.137251314752169,0.0435453037017507
6.67,0.137022734298367,0.0427194056123803
6.68,0.136791843851297,0.0418899383374955
6.69,0.136557225185254,0.0410577873965473
6.7,0.136317460074537,0.0402238383089867
6.71,0.136071153082244,0.039388963903585
6.72,0.135816999926687,0.0385539862463956
6.73,0.135553719114977,0.0377197147127923
6.74,0.135280029154228,0.036886958678149
6.75,0.134994648551553,0.0360565275178392
6.76,0.134696295814065,0.0352292306072369
6.77,0.134383689448877,0.0344058773217158
6.78,0.134055547963102,0.0335872770366496
6.79,0.133710589863853,0.0327742391274121
6.8,0.133347533658243,0.0319675729693772
6.81,0.132965235684377,0.0311680389119704
6.82,0.132563103604324,0.0303762012008247
6.83,0.132140682911145,0.029592575055625
6.84,0.131697519097903,0.0288176756960561
6.85,0.131233157657659,0.0280520183418028
6.86,0.130747144083473,0.0272961182125499
6.87,0.130239023868408,0.0265504905279821
6.88,0.129708342505524,0.0258156505077845
6.89,0.129154645487883,0.0250921133716417
6.9,0.128577478308547,0.0243803943392386
6.91,0.127976538764923,0.0236809806095819
6.92,0.127352133871797,0.0229942472989653
6.93,0.126704722948302,0.0223205415030043
6.94,0.126034765313573,0.0216602103173144
6.95,0.125342720286741,0.0210136008375113
6.96,0.12462904718694,0.0203810601592104
6.97,0.123894205333303,0.0197629353780274
6.98,0.123138654044963,0.0191595735895776
6.99,0.122362852641052,0.0185713218894768
7,0.121567260440704,0.0179985273733405
7.01,0.120752441171303,0.0174415103510837
7.02,0.119919376193241,0.0169004839898193
7.03,0.119069151275163,0.0163756346709599
7.04,0.118202852185711,0.0158671487759178
7.05,0.117321564693529,0.0153752126861057
7.06,0.116426374567261,0.0149000127829358
7.07,0.115518367575551,0.0144417354478209
7.08,0.114598629487043,0.0140005670621732
7.09,0.113668246070379,0.0135766940074054
7.1,0.112728303094204,0.0131703026649297
7.11,0.111779949631385,0.0127815505843003
7.12,0.110824587971688,0.0124104799876369
7.13,0.109863683709104,0.012057104265201
7.14,0.108898702437621,0.011721436807254
7.15,0.107931109751229,0.0114034910040573
7.16,0.106962371243919,0.0111032802458722
7.17,0.105993952509679,0.0108208179229601
7.18,0.105027319142501,0.0105561174255825
7.19,0.104063936736373,0.0103091921440006
7.2,0.103105270885285,0.0100800554684759
7.21,0.102152800634483,0.00986872346877868
7.22,0.101208058834235,0.00967522293271511
7.23,0.100272591786064,0.00949958332760019
7.24,0.0993479457914938,0.00934183412074901
7.25,0.0984356671520479,0.00920200477947661
7.26,0.0975373021692499,0.00908012477109804
7.27,0.0966543971446232,0.00897622356292835
7.28,0.0957884983796913,0.00889033062228259
7.29,0.0949411521759778,0.00882247541647582
7.3,0.0941139048350063,0.0087726874128231
7.31,0.0933082319281458,0.00874101114384271
7.32,0.0925253261061483,0.00872755140286584
7.33,0.0917663092896112,0.00873242804842692
7.34,0.091032303399132,0.00875576093906038
7.35,0.0903244303553081,0.00879766993330064
7.36,0.089643812078737,0.00885827488968214
7.37,0.0889915704900162,0.00893769566673931
7.38,0.0883688275097431,0.00903605212300655
7.39,0.0877767050585151,0.00915346411701833
7.4,0.0872163250569299,0.00929005150730903
7.41,0.0866886753366571,0.00944591158955419
7.42,0.0861942073736555,0.00962105140799361
7.43,0.0857332385549563,0.0098154554440082
7.44,0.0853060862675904,0.0100291081789789
7.45,0.0849130678985891,0.0102619940942865
7.46,0.0845545008349833,0.010514097671312
7.47,0.0842307024638042,0.0107854033914363
7.48,0.0839419901720828,0.0110758957360402
7.49,0.0836886813468503,0.0113855591865047
7.5,0.0834710933751377,0.0117143782242107
7.51,0.0832894129734682,0.0120622688321676
7.52,0.0831433041763325,0.0124288729998996
7.53,0.0830323003477136,0.0128137642185592
7.54,0.0829559348515943,0.013216515979299
7.55,0.0829137410519576,0.0136367017732718
7.56,0.0829052523127862,0.0140738950916301
7.57,0.0829300019980631,0.0145276694255265
7.58,0.0829875234717711,0.0149975982661137
7.59,0.0830773500978931,0.0154832551045443
7.6,0.0831990152404119,0.0159842134319709
7.61,0.0833519773462646,0.0164999847254124
7.62,0.0835353951942049,0.0170298324053523
7.63,0.0837483526459404,0.01757295787814
7.64,0.0839899335631791,0.0181285625501252
7.65,0.0842592218076286,0.0186958478276575
7.66,0.0845553012409968,0.0192740151170866
7.67,0.0848772557249915,0.0198622658247619
7.68,0.0852241691213204,0.0204598013570332
7.69,0.0855951252916913,0.02106582312025
7.7,0.0859892080978121,0.021679532520762
7.71,0.0864054987269617,0.0223001353714393
7.72,0.0868430676687038,0.0229268551112337
7.73,0.0873009827381732,0.0235589195856179
7.74,0.0877783117505048,0.0241955566400641
7.75,0.0882741225208333,0.024835994120045
7.76,0.0887874828642938,0.0254794598710329
7.77,0.0893174605960211,0.0261251817385003
7.78,0.0898631235311499,0.0267723875679198
7.79,0.0904235394848153,0.0274203052047637
7.8,0.0909977762721519,0.0280681624945044
7.81,0.091584945918471,0.028715244176481
7.82,0.0921843372897884,0.0293610625654974
7.83,0.0927952834622964,0.0300051868702243
7.84,0.0934171175121873,0.0306471862993323
7.85,0.0940491725156532,0.031286630061492
7.86,0.0946907815488864,0.0319230873653739
7.87,0.0953412776880791,0.0325561274196487
7.88,0.0959999940094234,0.0331853194329867
7.89,0.0966662635891117,0.0338102326140588
7.9,0.0973394195033362,0.0344304361715353
7.91,0.0980188512205884,0.0350455578343367
7.92,0.0987041737785583,0.035655459412382
7.93,0.0993950586072351,0.0362600612358402
7.94,0.100091177136608,0.0368592836348801
7.95,0.100792200796666,0.0374530469396707
7.96,0.101497801017399,0.0380412714803808
7.97,0.102207649228796,0.0386238775871793
7.98,0.102921416860847,0.0392007855902351
7.99,0.103638775343539,0.0397719158197171
8,0.104359396106863,0.0403371886057941
8.01,0.105083003516362,0.0408965701794121
8.02,0.105809533679795,0.0414502103746256
8.03,0.106538975640472,0.0419983049262659
8.04,0.107271318441706,0.0425410495691646
8.05,0.108006551126809,0.0430786400381531
8.06,0.108744662739093,0.0436112720680627
8.07,0.10948564232187,0.0441391413937251
8.08,0.110229478918452,0.0446624437499716
8.09,0.110976161572152,0.0451813748716337
8.1,0.11172567932628,0.0456961304935429
8.11,0.112478047804276,0.0462069249014694
8.12,0.113233388950085,0.046714046584938
8.13,0.113991851287777,0.0472178025844124
8.14,0.114753583341424,0.0477184999403563
8.15,0.115518733635097,0.0482164456932333
8.16,0.116287450692868,0.048711946883507
8.17,0.117059883038808,0.0492053105516411
8.18,0.117836179196987,0.0496968437380992
8.19,0.118616487691479,0.050186853483345
8.2,0.119400957046352,0.0506756468278421
8.21,0.120189717444484,0.0511635021462641
8.22,0.120982825703959,0.0516505831501236
8.23,0.121780320301668,0.0521370248851434
8.24,0.122582239714501,0.052622962397046
8.25,0.123388622419349,0.0531085307315541
8.26,0.124199506893102,0.0535938649343903
8.27,0.125014931612649,0.0540791000512773
8.28,0.125834935054881,0.0545643711279378
8.29,0.126659555696687,0.0550498132100942
8.3,0.127488832014959,0.0555355613434695
8.31,0.128322771323259,0.0560217095285307
8.32,0.129161256281843,0.0565081875847245
8.33,0.13000413838764,0.056994884286242
8.34,0.130851269137579,0.0574816884072745
8.35,0.13170250002859,0.0579684887220131
8.36,0.1325576825576,0.058455174004649
8.37,0.133416668221539,0.0589416330293735
8.38,0.134279308517337,0.0594277545703778
8.39,0.135145454941922,0.0599134274018532
8.4,0.136014958992222,0.0603985402979906
8.41,0.136887669824968,0.0608829743797053
8.42,0.137763427236087,0.0613665801548078
8.43,0.138642068681308,0.0618492004778324
8.44,0.139523431616358,0.0623306782033135
8.45,0.140407353496966,0.0628108561857855
8.46,0.14129367177886,0.0632895772797828
8.47,0.142182223917768,0.0637666843398396
8.48,0.143072847369418,0.0642420202204904
8.49,0.143965379589539,0.0647154277762696
8.5,0.144859658033858,0.0651867498617115
8.51,0.145755529434478,0.0656558320261604
8.52,0.146652877628989,0.0661225305982002
8.53,0.147551595731358,0.0665867046012248
8.54,0.148451576855549,0.0670482130586279
8.55,0.149352714115528,0.0675069149938034
8.56,0.15025490062526,0.067962669430145
8.57,0.151158029498711,0.0684153353910467
8.58,0.152061993849845,0.0688647718999021
8.59,0.152966686792628,0.0693108379801051
8.6,0.153872001441025,0.0697533926550496
8.61,0.154777819670648,0.0701922755588589
8.62,0.155683978403701,0.0706272487685741
8.63,0.156590303324033,0.0710580549719662
8.64,0.157496620115493,0.0714844368568059
8.65,0.158402754461932,0.0719061371108639
8.66,0.159308532047199,0.0723228984219109
8.67,0.160213778555144,0.0727344634777179
8.68,0.161118319669617,0.0731405749660555
8.69,0.162021981074468,0.0735409755746945
8.7,0.162924588453545,0.0739354079914057
8.71,0.163825953694642,0.074323604901563
8.72,0.164725833501315,0.0747052589809525
8.73,0.165623970781065,0.0750800529029635
8.74,0.166520108441391,0.0754476693409854
8.75,0.167413989389793,0.0758077909684075
8.76,0.168305356533771,0.0761601004586191
8.77,0.169193952780823,0.0765042804850094
8.78,0.170079521038451,0.0768400137209678
8.79,0.170961804214153,0.0771669828398835
8.8,0.171840545215429,0.0774848705151461
8.81,0.172715499926513,0.0777933908188977
8.82,0.173586476138573,0.0780923834182935
8.83,0.17445329461951,0.0783817193792418
8.84,0.175315776137226,0.078661269767651
8.85,0.176173741459623,0.0789309056494291
8.86,0.177027011354604,0.0791904980904845
8.87,0.177875406590069,0.0794399181567255
8.88,0.17871874793392,0.0796790369140602
8.89,0.17955685615406,0.0799077254283971
8.9,0.18038955201839,0.0801258547656443
8.91,0.181216687171693,0.0803333456724029
8.92,0.182038236766284,0.0805303176180455
8.93,0.182854206831356,0.0807169397526378
8.94,0.183664603396104,0.0808933812262451
8.95,0.184469432489725,0.081059811188933
8.96,0.185268700141411,0.081216398790767
8.97,0.186062412380359,0.0813633131818125
8.98,0.186850575235764,0.081500723512135
8.99,0.187633194736819,0.0816287989318001
9,0.188410276912721,0.0817477085908733
9.01,0.189181849708726,0.0818576529929745
9.02,0.189948028734345,0.0819589580559421
9.03,0.19070895151515,0.082051981051169
9.04,0.191464755576712,0.082137079250048
9.05,0.192215578444605,0.0822146099239719
9.06,0.192961557644401,0.0822849303443335
9.07,0.193702830701671,0.0823483977825258
9.08,0.194439535141989,0.0824053695099416
9.09,0.195171808490926,0.0824562027979737
9.1,0.195899788274055,0.082501254918015
9.11,0.196623611513601,0.0825408843081341
9.12,0.1973434132184,0.0825754540731023
9.13,0.19805932789394,0.082605328484367
9.14,0.198771490045711,0.0826308718133753
9.15,0.199480034179202,0.0826524483315743
9.16,0.2001850947999,0.0826704223104114
9.17,0.200886806413295,0.0826851580213336
9.18,0.201585303524875,0.0826970197357882
9.19,0.20228072064013,0.0827063717252223
9.2,0.202973192264548,0.0827135782610832
9.21,0.203662832320534,0.0827189830200158
9.22,0.204349672398159,0.082722847299456
9.23,0.20503372350441,0.0827254118020378
9.24,0.205714996646274,0.0827269172303947
9.25,0.206393502830738,0.0827276042871607
9.26,0.20706925306479,0.0827277136749693
9.27,0.207742258355416,0.0827274860964545
9.28,0.208412529709603,0.0827271622542499
9.29,0.209080078134339,0.0827269828509894
9.3,0.209744914636611,0.0827271885893066
9.31,0.210407019106374,0.0827279932556036
9.32,0.211066246965453,0.0827295029713552
9.33,0.211722422518642,0.0827317969418046
9.34,0.212375370070736,0.0827349543721949
9.35,0.213024913926528,0.0827390544677692
9.36,0.213670878390811,0.0827441764337706
9.37,0.21431308776838,0.0827503994754423
9.38,0.214951366364028,0.0827578027980272
9.39,0.215585538482549,0.0827664656067687
9.4,0.216215428428736,0.0827764671069097
9.41,0.216840835111062,0.0827878664013319
9.42,0.217461455852706,0.0828006421834714
9.43,0.218076962580528,0.0828147530444026
9.44,0.218687027221386,0.0828301575752001
9.45,0.219291321702137,0.0828468143669385
9.46,0.219889517949641,0.0828646820106923
9.47,0.220481287890755,0.082883719097536
9.48,0.221066303452339,0.0829038842185441
9.49,0.221644236561249,0.0829251359647913
9.5,0.222214759144346,0.082947432927352
9.51,0.222777528656722,0.0829707248308114
9.52,0.223332144666415,0.0829949259337971
9.53,0.223878192269698,0.0830199416284473
9.54,0.224415256562842,0.0830456773069003
9.55,0.224942922642121,0.0830720383612943
9.56,0.225460775603807,0.0830989301837676
9.57,0.225968400544173,0.0831262581664582
9.58,0.226465382559491,0.0831539277015046
9.59,0.226951306746035,0.0831818441810448
9.6,0.227425758200076,0.0832099129972172
9.61,0.227888349433673,0.0832380421902163
9.62,0.228338802622023,0.0832661503924629
9.63,0.228776867356111,0.083294158884434
9.64,0.229202293226921,0.0833219889466066
9.65,0.229614829825436,0.0833495618594578
9.66,0.230014226742639,0.0833767989034647
9.67,0.230400233569514,0.0834036213591043
9.68,0.230772599897046,0.0834299505068538
9.69,0.231131075316217,0.08345570762719
9.7,0.231475409418011,0.0834808140005903
9.71,0.231805307962289,0.0835051907309837
9.72,0.232120301384416,0.0835287582161086
9.73,0.232419876288636,0.0835514366771555
9.74,0.23270351927919,0.0835731463353148
9.75,0.232970716960322,0.083593807411777
9.76,0.233220955936274,0.0836133401277327
9.77,0.233453722811289,0.0836316647043722
9.78,0.23366850418961,0.0836487013628862
9.79,0.233864786675478,0.083664370324465
9.8,0.234042056873137,0.0836785918102991
9.81,0.234200065941843,0.0836913128204235
9.82,0.234339623260907,0.0837025874702505
9.83,0.234461802764654,0.0837124966540368
9.84,0.234567678387407,0.0837211212660391
9.85,0.234658324063493,0.0837285422005143
9.86,0.234734813727234,0.0837348403517191
9.87,0.234798221312956,0.0837400966139101
9.88,0.234849620754983,0.0837443918813443
9.89,0.23489008598764,0.0837478070482782
9.9,0.234920690945251,0.0837504230089687
9.91,0.234942509562141,0.0837523206576726
9.92,0.234956615772634,0.0837535808886464
9.93,0.234964083511056,0.0837542845961471
9.94,0.234965986711729,0.0837545126744313
9.95,0.23496339930898,0.0837543460177558
9.96,0.234957395237133,0.0837538655203773
9.97,0.234949048430512,0.0837531520765526
9.98,0.234939432823441,0.0837522865805385
9.99,0.234929622350246,0.0837513499265916
10,0.234920690945251,0.0837504230089687
